{"cameraMode":{"drawMode":0,"name":"Shaded","section":"Shading Mode"},"sceneLighting":true,"audioPlay":false,"sceneViewState":{"m_AlwaysRefresh":false,"showFog":true,"showSkybox":true,"showFlares":true,"showImageEffects":true,"showParticleSystems":true,"showVisualEffectGraphs":true,"m_FxEnabled":true},"in2DMode":false,"pivot":{"x":7.074102401733398,"y":-0.020078420639038087,"z":-41.148223876953128},"rotation":{"x":-0.04816402122378349,"y":0.9569178819656372,"z":-0.17720723152160645,"w":-0.2272796928882599},"size":10.432619094848633,"orthographic":true}