{"cameraMode":{"drawMode":0,"name":"Shaded","section":"Shading Mode"},"sceneLighting":true,"audioPlay":false,"sceneViewState":{"m_AlwaysRefresh":false,"showFog":true,"showSkybox":true,"showFlares":true,"showImageEffects":true,"showParticleSystems":true,"showVisualEffectGraphs":true,"m_FxEnabled":true},"in2DMode":false,"pivot":{"x":7.912630081176758,"y":1.0232350826263428,"z":-37.22793960571289},"rotation":{"x":0.09601748734712601,"y":-0.7559399604797363,"z":0.10487748682498932,"w":0.6398454308509827},"size":0.5935814380645752,"orthographic":true}